Customer_id,First_Name,Last_Name,DOB,Gender,City,Join_Date
1,Robert,Mcintosh,05-10-1983,M,Stacymouth,10-01-2021
2,Thomas,Sampson,29-09-1962,M,North Linda,28-02-2017
3,Blake,Brown,04-10-1978,F,East Erinhaven,19-12-2020
4,Paul,Archer,12-11-1969,M,Grayton,13-03-2022
5,James,Anderson,22-12-1965,M,East Daniel,26-06-2024
6,Donald,Bender,07-02-1962,M,Port Debbiechester,07-04-2017
7,Michael,Wagner,08-10-1962,M,East Margaret,28-02-2024
8,Beth,Ferguson,01-07-2004,M,Harperfort,04-01-2023
9,Cynthia,Schultz,24-06-1965,F,West Shane,03-02-2022
10,Kathleen,West,13-08-1976,M,Robertsonfort,10-10-2017
11,Morgan,Santiago,03-07-1989,M,East Peter,11-04-2018
12,Nicholas,Fox,16-03-1994,M,Lake Sarahside,12-05-2023
13,Jeremy,Schmidt,14-12-1956,M,East Jacksonchester,18-04-2016
14,Stephen,Hayes,11-12-1955,M,North Cathy,16-12-2017
15,Timothy,Campos,28-08-1999,M,New Samanthastad,02-01-2021
16,Megan,Swanson,26-10-1998,M,New Michael,18-06-2020
17,James,Cochran,10-01-1978,F,Port Emily,16-06-2025
18,Kayla,Dixon,28-01-2004,M,Sandrafurt,24-05-2025
19,Greg,Poole,30-04-2004,F,Matthewside,23-03-2021
20,Lynn,King,03-12-2005,F,New Timothystad,03-11-2019
21,Douglas,Morris,25-11-1994,M,West Frank,19-09-2025
22,Beth,Day,18-08-2006,M,Choihaven,04-05-2016
23,Brian,Moreno,31-12-1994,F,New Jessicamouth,26-12-2017
24,Austin,Flores,14-05-1979,F,West Calvinberg,30-06-2016
25,Tyrone,Myers,19-08-1971,F,East Patricia,19-03-2022
26,Samantha,Ballard,26-04-1990,M,West Kelly,18-09-2024
27,Sally,Hickman,23-02-1995,M,Adamsport,05-11-2024
28,Patricia,Ellis,13-03-1957,F,Payneview,06-10-2021
29,Lisa,Oliver,10-07-1960,M,Michaelburgh,26-09-2023
30,Kenneth,Case,28-05-1986,M,Port Charlesville,17-02-2022
31,Brian,Simpson,19-02-2005,F,Port Matthewstad,28-04-2022
32,Nicholas,Lamb,13-10-2003,M,South Jimmyland,21-04-2022
33,Todd,Phelps,09-10-1992,F,Colemanburgh,25-12-2017
34,Tyler,Boyd,22-04-1989,F,New Amyport,14-05-2017
35,William,Knight,26-10-1955,F,North Rhondafurt,19-01-2020
36,Gregory,Reyes,01-07-1982,M,Lake Matthew,25-06-2021
37,Tiffany,Thomas,24-09-2004,F,North Martha,28-01-2019
38,Adam,Phillips,16-03-1987,M,Lake Reneestad,28-08-2025
39,Krista,Shea,15-06-1992,F,Courtneyland,24-08-2020
40,Nicholas,Moore,12-08-1955,M,Port David,27-08-2023
41,Richard,Herrera,14-06-2006,F,Holtstad,10-12-2019
42,Wendy,Phillips,23-09-1994,F,New Logan,24-05-2022
43,George,Davis,02-11-1996,M,Briantown,20-02-2017
44,Christina,Rollins,06-03-1973,M,Hallshire,27-06-2022
45,John,Chen,18-06-2003,M,Johnsonchester,01-03-2024
46,Matthew,Hicks,26-06-1971,M,North Amanda,31-03-2017
47,Isaiah,Marshall,16-10-1988,F,Port Tracifurt,26-03-2019
48,Tiffany,Gutierrez,29-07-1979,M,New Tanyaside,01-08-2020
49,Sonia,Gonzales,14-12-2006,M,Bethview,07-07-2024
50,Dalton,Miranda,19-04-1978,M,Kimberlyberg,02-08-2022
51,Susan,Fischer,25-10-1969,F,Josephhaven,11-01-2019
52,Alice,Gomez,12-03-1962,F,Michaelton,20-11-2016
53,Krystal,Johnson,24-09-1982,F,West Mercedes,27-12-2021
54,Brian,Klein,24-11-1963,F,New Holly,04-09-2025
55,Annette,Young,30-09-1990,M,Port Larryborough,26-07-2019
56,Emily,Bailey,03-12-1977,F,Port Paul,28-10-2021
57,Jackson,Woods,21-12-2001,F,New Stephanie,09-07-2017
58,Joseph,Lee,21-06-1972,M,Erikbury,09-10-2017
59,Joseph,Marshall,13-10-1996,F,East Austinport,16-01-2017
60,Sandra,Nichols,01-07-2003,M,West Rachelton,06-07-2016
61,Tammy,Daniel,01-04-1990,M,Anthonychester,05-09-2022
62,Kenneth,Mckenzie,31-07-1998,M,Lewishaven,24-07-2017
63,Lawrence,Parker,13-12-1979,M,East Tara,02-03-2019
64,Jennifer,Callahan,13-08-1964,F,Keithburgh,04-08-2024
65,Thomas,Calderon,17-11-2003,F,East Valerie,16-02-2021
66,Gary,Moody,11-01-1964,F,Julieberg,19-02-2017
67,Stephen,Crawford,20-02-1998,M,East Nicholas,07-12-2017
68,David,Taylor,19-04-2000,F,Krystalville,03-12-2021
69,Melissa,Marshall,16-07-1975,M,Jonesbury,11-02-2025
70,Melanie,Santana,04-02-1966,M,Austinville,26-09-2017
71,Brent,Park,13-10-1986,M,North Jeffreystad,07-12-2018
72,Michelle,Erickson,19-03-1996,F,East Carmen,22-09-2016
73,Jessica,Cruz,15-09-1975,F,West Lindaport,27-08-2023
74,Sarah,Smith,10-07-1967,F,Thomasland,28-08-2021
75,Amy,Smith,16-10-2005,M,Port Juliaside,27-08-2025
76,Kenneth,Rollins,16-02-1967,M,West Linda,18-12-2016
77,Tiffany,Robinson,01-12-1970,F,Higginsborough,15-12-2024
78,Anthony,Fox,26-08-1974,M,Wardstad,13-11-2022
79,Victoria,Yoder,29-01-1983,F,South Maria,21-01-2025
80,Kimberly,Smith,06-12-1991,F,Lake Melissaside,28-11-2021
81,Christie,Cline,03-01-1955,F,Fergusonhaven,01-06-2024
82,Jennifer,Jordan,07-03-2006,M,Morrisonbury,20-05-2019
83,Sheila,Sosa,11-04-1996,F,Farrellton,01-07-2023
84,Jean,Johnson,20-04-1992,M,East Eugene,14-04-2019
85,Mary,Davis,19-06-1988,M,Lake Johnland,16-12-2017
86,Kyle,Davis,29-05-1967,F,West Johnside,04-10-2020
87,Holly,Jenkins,01-07-1965,F,Victoriaton,25-11-2017
88,Colleen,Johnson,11-04-2000,F,Raymondville,12-10-2021
89,James,Conner,24-12-1997,F,Timothyport,18-11-2020
90,Penny,Schmidt,21-09-1977,M,South Andreafort,30-01-2016
91,Jennifer,Flores,25-06-1975,M,South Brianton,22-09-2018
92,Debra,Jackson,10-04-1995,F,Nortonland,15-09-2017
93,Deborah,Lee,15-01-1981,M,Hughesview,13-02-2023
94,Patrick,Brown,04-09-1998,M,Samanthaberg,03-04-2018
95,Brianna,Day,07-05-1969,M,Kennethchester,18-05-2024
96,Karina,Boyd,19-09-1962,M,Nortonmouth,19-02-2025
97,Victoria,Mccarthy,19-06-1969,M,Lake Thomaston,25-06-2016
98,Regina,Wells,01-04-2003,F,North Nancyhaven,11-07-2019
99,Megan,Holmes,21-04-1970,M,Port Bryanton,08-10-2020
100,Jonathan,Wilson,17-07-1974,F,Mullenchester,20-09-2021
101,Douglas,Torres,25-02-1962,F,Lisafurt,19-01-2016
102,Tina,Munoz,19-10-1972,F,Prestontown,18-06-2019
103,Patrick,Weaver,25-01-1986,F,Harringtonfurt,22-03-2016
104,Anna,Brown,16-03-1996,M,Georgefurt,29-03-2020
105,Janice,Simon,14-09-1960,M,Port Stephanieshire,12-08-2019
106,Kelly,Hernandez,15-04-1993,F,New Laurenport,20-01-2016
107,Christina,Maldonado,07-03-2003,F,Hurleybury,16-07-2023
108,Joseph,Martinez,14-03-1976,M,Bryanton,13-11-2015
109,Robert,Bell,12-03-1977,F,West Troymouth,03-09-2018
110,Lindsay,Bowen,29-12-1991,F,South Kelseybury,16-05-2025
111,Monica,Lee,04-12-2000,M,Dukeburgh,18-07-2019
112,Christopher,Lowery,03-07-1994,F,South Becky,15-09-2022
113,Elizabeth,Fields,11-06-1983,M,Robertstad,24-06-2021
114,James,Hahn,14-12-1968,F,West Christineborough,23-08-2016
115,Matthew,Bray,08-11-1988,M,Bellburgh,11-01-2019
116,Andrew,Gilmore,23-04-2006,M,South Randy,29-07-2020
117,Justin,Daugherty,21-05-1968,F,New Saraville,06-02-2025
118,Robin,Anderson,31-05-1995,M,Wesleyhaven,07-05-2020
119,Yesenia,Watkins,29-12-1995,M,East Raymondmouth,19-02-2019
120,Laura,Hickman,25-08-2007,F,Cookton,27-10-2022
121,Kyle,Bryan,06-11-1956,M,Hicksfurt,22-02-2020
122,Stephanie,Norris,29-04-1971,M,New Ericshire,25-10-2016
123,James,Mccormick,17-12-1975,F,West Rebeccatown,30-10-2015
124,Rebecca,Terry,02-09-1955,F,West Renee,10-12-2020
125,Virginia,Sanchez,24-08-2006,M,Kimberlyport,06-03-2020
126,Angela,Taylor,13-01-2003,M,West Scott,01-01-2025
127,William,Castillo,16-05-1985,F,Chloeshire,15-06-2024
128,Elizabeth,Cohen,27-01-1998,F,Michaelside,21-05-2017
129,Benjamin,Day,20-10-1960,M,Wrightland,10-09-2021
130,Christopher,Hicks,07-05-2005,M,Susanborough,25-04-2017
131,Tricia,Lucas,05-04-1964,M,Lisatown,13-12-2022
132,Jacqueline,Goodman,16-02-1981,M,New David,21-08-2018
133,Christina,Patrick,02-06-1960,M,Michaelhaven,22-12-2020
134,Todd,Smith,12-02-1968,F,Vickihaven,19-08-2021
135,Steven,Castro,11-09-1991,M,Hollandview,26-06-2016
136,Rhonda,Reed,15-09-2003,M,Port Eugene,11-01-2024
137,Michael,Moore,20-02-1955,M,South Terri,02-01-2019
138,David,Francis,17-03-1971,F,Schmidtside,17-09-2019
139,Charles,Garcia,14-10-1979,M,Dawnview,25-02-2022
140,Donna,Macias,12-09-2005,F,Batesfort,07-04-2021
141,Sarah,Wilkerson,29-08-2001,F,Lake Elijah,30-06-2020
142,Lisa,Sullivan,20-09-1970,M,Georgeview,21-06-2022
143,Luis,Edwards,19-05-1997,M,Brooksville,05-08-2022
144,Andrew,Lowe,02-08-1965,F,Tapiamouth,08-05-2019
145,Traci,Bernard,27-12-1963,F,South Thomas,04-08-2024
146,Wesley,Jensen,01-02-1974,F,Tammyberg,03-02-2024
147,Sue,George,21-04-1955,F,Huangton,17-07-2018
148,Andrea,Simmons,13-09-1985,F,West Georgehaven,14-10-2023
149,Lindsey,Cabrera,17-11-1974,M,South Diane,05-07-2025
150,Scott,Booth,09-12-1972,M,Port Donna,11-07-2020
151,Brenda,Flores,15-02-1958,M,Payneborough,07-05-2017
152,Angela,Hoffman,26-07-1976,M,Stephanieview,29-09-2020
153,John,Martinez,20-02-1965,F,Jenniferville,08-03-2025
154,Benjamin,Hammond,23-05-2000,M,East Isabellaberg,05-07-2019
155,Crystal,Miller,17-07-1955,M,South Melissa,03-06-2022
156,Ronald,Rojas,10-02-1988,M,North Benjamin,14-09-2021
157,Kayla,Martinez,23-02-2002,M,Nicholaschester,31-01-2021
158,Kathleen,Dougherty,03-12-1960,M,Lake Brettview,07-09-2019
159,Michael,Yates,09-04-1999,M,South Jeffrey,14-07-2017
160,Marcia,Krueger,08-01-1961,M,Wilsonside,27-05-2020
161,Jennifer,Harris,30-04-1994,M,Millermouth,26-08-2020
162,James,Wright,17-11-1982,M,Jonathanchester,20-03-2024
163,Sandra,Roberson,15-03-1961,F,East Robert,14-11-2023
164,Charles,Bell,23-04-1988,M,South Veronica,03-05-2018
165,Joshua,Huff,28-06-1981,M,East Cynthia,31-12-2020
166,Michael,Jackson,20-05-1976,F,Davisfort,16-01-2018
167,Robert,Jones,12-03-1975,F,East Melissaview,18-03-2020
168,Karen,Parrish,19-07-1982,M,New Josephberg,23-09-2025
169,Curtis,Navarro,14-10-1998,M,Ericland,13-01-2025
170,Chelsea,Johns,22-12-1974,F,North Joshua,25-07-2017
171,Jessica,Hernandez,30-01-1981,M,New Alison,21-06-2017
172,Whitney,Daniels,26-01-1980,F,Jennifertown,04-07-2021
173,Cindy,Spencer,24-05-2003,F,Patelmouth,16-04-2021
174,Rita,Boyd,05-06-1989,M,Glenstad,26-04-2021
175,Jasmine,Ortega,27-08-1989,M,Kimberlychester,11-07-2025
176,Robert,Ortiz,23-02-1957,M,New Mistyburgh,09-08-2024
177,Timothy,Morris,29-10-2002,F,Victoriachester,20-02-2025
178,Jessica,Richard,30-04-1984,F,Tiffanyville,24-06-2021
179,William,Berger,04-03-1961,F,Mariashire,26-03-2018
180,Kyle,Chase,04-09-1990,F,Medinatown,11-07-2025
181,Joseph,King,31-03-1999,F,North Sharonborough,11-01-2023
182,Robert,Castro,23-09-1998,M,Christinebury,20-01-2017
183,Beth,Walsh,17-05-1998,M,Stoutfurt,06-03-2025
184,Robert,Molina,05-05-2003,M,Smithhaven,17-04-2018
185,Margaret,Burns,12-04-1974,F,Lake Veronica,26-09-2022
186,Ryan,Martinez,10-01-1999,F,Gabrielhaven,17-04-2021
187,Tamara,Parker,28-07-1964,M,Johnsonburgh,17-03-2024
188,Phillip,Fields,11-03-1986,M,Michaelstad,26-07-2025
189,Christina,Ingram,03-10-1973,M,New Darrell,13-06-2018
190,Valerie,Wong,10-06-1976,M,East Sean,23-08-2021
191,James,Pugh,20-12-1969,F,West Linda,26-10-2015
192,Roberto,Cordova,07-02-2007,M,West Whitneyport,27-07-2016
193,Andrew,Wood,20-08-2000,F,West Virginia,09-05-2025
194,Brooke,Dennis,24-01-1980,M,South Travisville,20-07-2016
195,Megan,Campos,20-07-1993,F,North Michaelview,19-09-2017
196,Samantha,Griffin,05-10-2006,F,North Joseph,17-09-2018
197,Chad,Miller,19-07-1987,M,Lake Joshua,04-12-2021
198,Denise,Smith,23-04-1988,M,Randymouth,05-05-2018
199,Kathryn,Ortiz,07-10-2004,F,Jenniferstad,22-07-2024
200,Stephanie,Adams,09-10-2000,M,Emmabury,16-01-2017
201,Andrea,Williamson,23-01-1970,M,Valeriefort,18-03-2022
202,Lauren,Carlson,05-10-1991,M,West Ronald,07-08-2019
203,Rachel,Thomas,02-06-1975,M,East Robert,01-05-2017
204,Sarah,Larson,08-03-1987,M,East Sharonhaven,16-06-2021
205,Angela,Green,11-07-1986,M,Solomonmouth,26-08-2019
206,Paula,Garcia,20-09-1989,F,South Alicia,18-07-2023
207,Alexander,Johnson,07-02-1956,F,Olsonstad,16-07-2019
208,Michael,Burton,25-09-1996,F,South Jacob,11-03-2018
209,Adam,Hawkins,12-06-1974,M,Lanceberg,04-06-2025
210,Danielle,Saunders,30-11-2004,F,Brownchester,13-02-2023
211,Shane,Stevens,26-10-2002,M,Lake Stacy,01-10-2017
212,Nancy,Dawson,29-05-1995,M,West Andrew,14-07-2024
213,Tiffany,Walker,04-05-1976,F,Morganmouth,03-06-2017
214,Angela,Small,27-07-1991,M,North Michael,22-02-2020
215,Robin,Price,08-04-1955,F,New Joel,05-02-2021
216,Scott,Miller,26-07-2006,F,Kathrynfurt,08-07-2020
217,Corey,Thomas,25-01-1981,F,South Elizabeth,12-06-2023
218,Eric,Flores,05-03-1962,F,Sierraburgh,08-10-2021
219,Steve,Small,08-11-1965,F,Leslieburgh,24-12-2017
220,Christian,Paul,24-08-1965,F,Longfurt,21-06-2019
221,Elizabeth,Wright,08-05-2005,M,Hernandezfurt,02-04-2023
222,Andrew,Ellis,30-08-1975,M,Katherineburgh,13-07-2016
223,Scott,Terry,15-01-1968,F,Wardberg,14-09-2016
224,Sydney,Carter,14-05-1972,M,New Garrett,02-01-2025
225,Richard,Ponce,10-07-1984,M,Williamsstad,09-02-2025
226,Adam,Martinez,15-01-2001,M,Moralesport,23-11-2019
227,Jennifer,Edwards,08-02-1969,F,West Mariaville,13-11-2019
228,Daniel,Jackson,05-11-1981,M,Kimberlyberg,06-03-2025
229,Morgan,Williams,22-12-1995,M,Melindaborough,10-08-2020
230,Molly,Andrews,05-07-1999,F,New Cory,11-07-2016
231,William,Fisher,26-03-1955,M,East Austin,24-09-2019
232,Christopher,Mclaughlin,31-03-1955,M,Johnmouth,01-02-2024
233,Alfred,Hayes,13-09-1968,M,Riveraside,07-06-2025
234,Brian,Rivas,04-12-1966,M,North Shane,20-02-2024
235,Lauren,Vazquez,26-09-1970,M,Larryfort,09-08-2023
236,Morgan,Hill,11-01-1958,M,East Johnside,22-02-2024
237,Robert,Cook,27-01-1965,M,Lake Monique,31-07-2025
238,Steven,Bell,11-08-1957,F,Christopherland,24-04-2023
239,Elizabeth,Sanchez,02-08-2001,M,West Williamfort,20-03-2024
240,Susan,Davis,29-12-1955,M,Port Michelle,30-08-2016
241,Jennifer,Wilson,08-11-1957,M,Port Scott,24-11-2018
242,Isaac,Calderon,21-11-2005,M,Leeport,18-04-2021
243,Allison,Parker,19-10-1997,F,Davidfurt,20-06-2019
244,Alison,Navarro,31-10-1986,F,East Maxwell,25-08-2017
245,Jeremy,Gordon,22-05-1994,F,Guerramouth,28-06-2020
246,Kyle,Deleon,26-06-1980,M,Lake Travis,19-02-2023
247,Caitlin,Martin,04-06-1965,F,South Shirley,26-04-2022
248,Veronica,Anderson,26-01-1958,M,Lake Kyle,02-08-2018
249,Tina,Campbell,21-02-1990,F,Karatown,04-11-2020
250,Jasmine,King,13-01-1967,F,Daniellefurt,17-04-2018
251,Leon,Miranda,22-07-1991,M,South Barbara,11-05-2023
252,Virginia,Williams,31-10-1961,F,New Matthew,18-03-2023
253,Courtney,Crawford,11-11-1997,F,Danielstad,13-09-2024
254,Jason,Miller,16-05-1980,F,Odonnellbury,23-04-2016
255,William,Scott,04-06-1982,M,Carolynfort,10-05-2022
256,Patrick,Walker,25-01-1987,M,West Amy,21-02-2024
257,Kelly,Hernandez,22-03-2003,F,Kelseyside,23-10-2016
258,Christopher,Bright,21-05-1959,M,Lake Calvin,11-11-2024
259,Cynthia,Morris,12-04-1966,M,Kathleenshire,25-07-2022
260,Melissa,Sutton,13-06-1982,M,North Markborough,31-10-2021
261,Bonnie,Hansen,22-01-1969,F,East Katie,13-09-2023
262,Janice,Smith,14-07-1982,M,East Keith,15-04-2020
263,Michael,Mann,09-12-1972,F,Nguyenfort,24-02-2024
264,Brittany,Steele,09-06-1989,M,South Alan,01-09-2025
265,Stephen,Martinez,05-04-2001,M,Saraside,19-06-2018
266,Joel,Boyd,06-02-1981,F,Josephville,02-01-2024
267,Jill,Garner,15-12-1960,F,Moramouth,15-05-2020
268,Justin,Gallegos,28-07-1999,M,West Pattymouth,23-08-2024
269,Sean,Holmes,26-09-2004,F,Thomashaven,15-10-2023
270,Christopher,Garcia,14-08-1995,F,Smithberg,10-09-2017
271,Joshua,Munoz,09-04-1964,M,Lake Ashley,28-05-2019
272,Marc,Moore,08-12-1958,F,Port Christophershire,05-10-2020
273,Brandy,Johnson,08-09-1982,M,Lopezmouth,16-01-2025
274,Christopher,Bell,22-02-1968,M,Charlesfurt,29-09-2022
275,Christopher,Simmons,03-05-1957,F,New Samantha,24-03-2020
276,Brenda,Erickson,05-11-1996,M,Marshallfort,05-06-2018
277,Michael,Thompson,18-12-1970,M,Conleyborough,14-10-2023
278,William,Blake,18-12-1978,M,Marisamouth,10-02-2017
279,Mary,Rosales,28-09-1990,F,North Calvinstad,12-01-2019
280,Jaime,Martinez,18-03-1983,F,North Jacobburgh,24-08-2025
281,Scott,Henderson,17-10-1971,M,Leestad,25-06-2017
282,Ann,Carrillo,26-03-1959,F,Hallside,18-02-2016
283,Rebecca,Romero,10-01-1997,M,South Cindyberg,12-08-2020
284,Heather,Wilson,22-05-2007,F,North Sonyamouth,06-01-2021
285,Belinda,Mills,11-06-1980,F,Port Maryland,09-02-2023
286,Susan,Wallace,15-01-1986,F,Port Elizabeth,13-07-2023
287,Sara,Cantu,26-11-1957,M,South Douglasbury,01-02-2017
288,Gregory,Johnson,07-10-2007,M,Scottchester,09-04-2024
289,Danielle,Winters,06-03-2002,F,East Rebeccaborough,08-12-2021
290,Molly,Allen,27-11-1964,F,East Pamville,15-05-2020
291,Deborah,Schmidt,22-08-1967,M,Millertown,25-09-2018
292,Cory,Crawford,24-10-1967,M,Gonzalezfurt,06-11-2016
293,Andrew,Guerra,26-01-1979,F,Amandatown,08-10-2020
294,Christine,Robinson,29-10-1981,M,Port Kylefort,14-12-2018
295,Stephanie,Christian,13-09-2003,F,West Thomasside,17-06-2025
296,Sandra,Russell,02-06-1957,M,Port Anthonyview,03-03-2025
297,Rachel,Wagner,05-12-1974,F,Antonioton,19-04-2020
298,Brittany,Rivera,04-06-2007,F,West Jamesville,08-12-2020
299,Tyler,Grant,29-03-1987,M,New Carriebury,14-02-2019
300,Andrew,Long,29-10-1982,M,West Angelaside,17-08-2020
